name,email,gender
Sissy,saris0@goo.gl,Female
Ellyn,ecosker1@merriam-webster.com,Female
Nancee,ngonnet2@delicious.com,Female
Lowell,lmackinder3@ocn.ne.jp,Male
Anabel,acobby4@dell.com,Female
Haslett,hconibeer5@engadget.com,Male
Marieann,mmcmychem6@accuweather.com,Female
Klaus,krizzotto7@scribd.com,Male
Margery,mgreeding8@hugedomains.com,Female
Lemuel,lansell9@adobe.com,Male
Freddi,fmacauleya@msu.edu,Female
Ronda,rkerriganb@patch.com,Agender
Jack,jstanningc@sourceforge.net,Male
Edyth,ekoomard@t-online.de,Non-binary
Mellie,mscamwelle@mapy.cz,Female
Jacquie,jspoltonf@statcounter.com,Female
Hope,hschultzg@tamu.edu,Female
Josey,jgrossh@w3.org,Female
Sinclare,shedani@arstechnica.com,Male
Lucio,lyabsleyj@ebay.com,Male
Abramo,adixk@biglobe.ne.jp,Male
Seamus,sportwainel@nih.gov,Polygender
Xymenes,xabbessm@stanford.edu,Male
Tomi,tsuffn@desdev.cn,Female
Gaile,gbrigdeno@phoca.cz,Male
Ellerey,elaurentinp@free.fr,Male
Jeralee,jleleuq@weebly.com,Female
Issi,iinmettr@360.cn,Female
Vivian,vmustards@ed.gov,Female
Rafferty,rcurnokt@exblog.jp,Male
Ynes,ydabelsu@netvibes.com,Female
Kara,kglavisv@weibo.com,Female
Gino,ggravettw@slashdot.org,Polygender
Mart,mbullockx@unblog.fr,Agender
Aloise,afeaky@noaa.gov,Female
Verne,vcawstonz@geocities.com,Male
Otto,obracchi10@merriam-webster.com,Male
Reba,rbrend11@cpanel.net,Female
Amabelle,adanielsson12@washingtonpost.com,Female
Stephi,swermerling13@histats.com,Female
Godart,gliven14@naver.com,Male
Maximilianus,mlyosik15@w3.org,Male
Gretna,gdelete16@dagondesign.com,Female
Clywd,cplum17@columbia.edu,Male
Lemar,lghelerdini18@uol.com.br,Male
Shay,skhan19@wordpress.com,Male
Paloma,ptargetter1a@ycombinator.com,Female
Salaidh,sgoodrich1b@yellowpages.com,Female
Junie,jtripney1c@slashdot.org,Female
Towney,tmccormick1d@nyu.edu,Non-binary
Agathe,atorritti1e@oracle.com,Female
Claiborne,cbrunke1f@oaic.gov.au,Bigender
Sheelah,sdelabarre1g@webnode.com,Female
Paulina,pwillas1h@tumblr.com,Female
Carlene,ccornewall1i@google.ru,Female
Junina,jstreatley1j@topsy.com,Female
Julianne,jhannah1k@mozilla.com,Female
Cary,clautie1l@creativecommons.org,Male
Devina,dottam1m@washington.edu,Female
Alysia,avernau1n@utexas.edu,Genderfluid
Rustie,rmcmoyer1o@trellian.com,Male
Kissiah,kfrunks1p@netlog.com,Female
Nessa,npottberry1q@mit.edu,Female
Clement,cdolphin1r@businesswire.com,Male
Lambert,ldellabbate1s@surveymonkey.com,Male
Kissie,kalyutin1t@xinhuanet.com,Female
Irena,ialdwich1u@berkeley.edu,Female
Elihu,epealing1v@usda.gov,Male
Arlina,aculleton1w@cbsnews.com,Bigender
Randolf,rsueter1x@github.com,Non-binary
Gustavus,gfruin1y@e-recht24.de,Male
Phip,ppere1z@usnews.com,Male
Cornell,clamborne20@pagesperso-orange.fr,Male
Mordy,mharriss21@pcworld.com,Male
Matti,mkybbye22@cam.ac.uk,Female
Warner,wainsby23@over-blog.com,Male
Julie,jscorer24@utexas.edu,Male
Walt,wotuohy25@indiegogo.com,Genderqueer
Park,pcoultass26@dot.gov,Male
Brook,bvanvuuren27@newsvine.com,Male
Brita,bjoy28@friendfeed.com,Female
Lilllie,lludwikiewicz29@canalblog.com,Female
Thorin,thowgill2a@cdbaby.com,Male
Adrian,amincher2b@tripod.com,Female
Thea,tbulter2c@cnet.com,Female
Adoree,abevans2d@chron.com,Female
Jaime,jbaal2e@oakley.com,Male
Simona,sfarland2f@google.ca,Female
Idalia,imacmaster2g@nasa.gov,Female
Dall,dtod2h@scientificamerican.com,Male
Sid,swatters2i@boston.com,Male
Muire,mjowers2j@webs.com,Female
Charlton,ccausbey2k@ow.ly,Male
Willie,wsealand2l@lulu.com,Male
Trey,tgoodbur2m@ycombinator.com,Male
Avictor,aroocroft2n@mysql.com,Male
Lanette,ltrawin2o@mail.ru,Female
Janey,jlinacre2p@usatoday.com,Female
Boyd,bmunt2q@eepurl.com,Male
Joyan,jvanzon2r@wp.com,Female
Maridel,mmattusov2s@example.com,Female
Shell,sdeamaya2t@wordpress.com,Male
Lucila,lsigg2u@thetimes.co.uk,Female
Ertha,elempel2v@ed.gov,Female
Darsey,ddukelow2w@ucoz.com,Female
Dav,dbalden2x@kickstarter.com,Male
Siffre,sbenion2y@goodreads.com,Male
Zacharie,zkezor2z@rakuten.co.jp,Male
Constantino,cjewett30@reuters.com,Male
Marcello,mlecordier31@domainmarket.com,Male
Perkin,pduker32@accuweather.com,Male
Zedekiah,zsherreard33@google.co.uk,Male
Brigid,brevely34@redcross.org,Female
Vaclav,vchmarny35@admin.ch,Genderqueer
Griff,gkrystof36@amazon.de,Male
Karlis,kforestall37@adobe.com,Male
Iggie,ichipman38@vkontakte.ru,Non-binary
Haley,hmuzzlewhite39@unicef.org,Male
Alberik,achesman3a@pbs.org,Male
Chaddie,csore3b@vimeo.com,Non-binary
Armin,acicccitti3c@nbcnews.com,Male
Bearnard,blochet3d@webmd.com,Male
Alyosha,alouisot3e@networksolutions.com,Bigender
Gayler,gserjent3f@desdev.cn,Male
Agnese,asacaze3g@marketwatch.com,Female
Angele,aswinglehurst3h@creativecommons.org,Female
Hyacinthie,hserrurier3i@noaa.gov,Female
Lilla,llarkcum3j@hugedomains.com,Female
Giulietta,gocurrigan3k@people.com.cn,Female
Nobe,nlennarde3l@harvard.edu,Male
Jeff,jmarklew3m@cargocollective.com,Male
Guillema,gzamudio3n@webs.com,Female
Clio,cmillimoe3o@blog.com,Female
Madeleine,mbaxstair3p@sun.com,Female
Danyelle,drodrig3q@reuters.com,Female
Emelen,egoudman3r@opensource.org,Agender
Carmelita,cfishley3s@blog.com,Female
Gavrielle,gkennermann3t@shutterfly.com,Female
Patience,pharrald3u@sciencedirect.com,Female
Drusy,dplom3v@tiny.cc,Female
Clemmy,cnuzzti3w@twitpic.com,Male
Lorain,lwaterfall3x@creativecommons.org,Female
Renaldo,rbessant3y@altervista.org,Male
Rania,rwilliamson3z@apache.org,Female
Marmaduke,mlehenmann40@hatena.ne.jp,Male
Renault,rstandfield41@angelfire.com,Male
Law,lpeert42@ca.gov,Male
Becka,bospillane43@cornell.edu,Female
Winston,wlacotte44@virginia.edu,Male
Boone,bdibiagi45@cpanel.net,Male
Kissiah,kbillyard46@abc.net.au,Female
Serge,sernshaw47@furl.net,Male
Juli,jgligori48@ameblo.jp,Female
Orel,omacnucator49@list-manage.com,Female
Juana,jpraundl4a@nydailynews.com,Female
Dom,dtwigger4b@icq.com,Male
Gloria,gwoodier4c@yahoo.co.jp,Female
Ezechiel,edearn4d@t.co,Male
Keriann,kandrea4e@stanford.edu,Female
Mattie,mwhyborn4f@meetup.com,Male
Godard,gghirardi4g@slate.com,Male
Demetrius,dfilyashin4h@gizmodo.com,Agender
Kesley,kmargetson4i@cnbc.com,Female
Carrissa,cdilon4j@vk.com,Female
Erv,ebarbara4k@narod.ru,Male
Hartley,hkares4l@typepad.com,Male
Irita,ifawdery4m@arstechnica.com,Female
Fred,ftulk4n@a8.net,Female
Egan,ealbin4o@paginegialle.it,Male
Guthrey,gpurnell4p@aol.com,Male
Brant,bbanaszkiewicz4q@digg.com,Male
Randy,rlafontaine4r@t.co,Female
Charla,ccurson4s@angelfire.com,Female
Traver,tcarvell4t@furl.net,Polygender
Hewie,hknibb4u@nbcnews.com,Male
Lavena,lharken4v@pen.io,Female
Jorgan,jashurst4w@ebay.com,Male
Raoul,rmorat4x@omniture.com,Male
Erik,ebateup4y@independent.co.uk,Male
Ephrayim,ehardwell4z@altervista.org,Non-binary
Domini,dhamil50@toplist.cz,Female
Ninnetta,npuddin51@globo.com,Agender
Francisco,fboath52@so-net.ne.jp,Male
Steven,smacsherry53@devhub.com,Male
Megen,mfishbie54@nationalgeographic.com,Female
Augustine,akynder55@ca.gov,Male
Frederick,fbentinck56@accuweather.com,Male
Kerry,kdallin57@ed.gov,Female
Dara,dasty58@bloomberg.com,Female
Robbie,rwinyard59@columbia.edu,Male
Friedrick,fbrook5a@mtv.com,Male
Ewen,eangliss5b@ibm.com,Male
Dominic,dstook5c@yahoo.co.jp,Male
Win,wtripet5d@sogou.com,Male
Osmund,osired5e@hibu.com,Male
Ronnie,rjurca5f@google.es,Male
Sayer,sdeblasiis5g@abc.net.au,Male
Heida,hburnel5h@wikia.com,Female
Damita,dastle5i@omniture.com,Female
Leanor,lbatha5j@clickbank.net,Female
Ganny,ggalloway5k@youtu.be,Male
Wilt,wogus5l@netlog.com,Male
Stefan,sjeavon5m@scientificamerican.com,Male
Farleigh,fgubbin5n@slate.com,Male
Kessiah,kpendrid5o@bloomberg.com,Female
Stephani,spetzolt5p@livejournal.com,Female
Olympe,ozanazzi5q@twitpic.com,Female
Oran,othurley5r@blogspot.com,Agender
Towney,twrightson5s@xing.com,Male
Ichabod,izapater5t@jigsy.com,Male
Becka,bllewelly5u@zimbio.com,Female
Franny,fdziwisz5v@soup.io,Female
Antonella,atoulmin5w@washingtonpost.com,Female
Manny,mmacian5x@miitbeian.gov.cn,Male
Sybyl,swarrington5y@unblog.fr,Bigender
Jeffry,jbrookton5z@amazonaws.com,Male
Maryanne,mmcisaac60@goo.gl,Female
Vivianne,vstraine61@a8.net,Female
Robbin,rcardello62@spotify.com,Female
Mureil,mcharte63@histats.com,Polygender
Teddie,tdorkens64@shareasale.com,Male
Yard,ywildin65@princeton.edu,Male
Lu,lrackham66@toplist.cz,Female
Vanna,vlindsell67@webnode.com,Female
Esmeralda,ehughlock68@shareasale.com,Non-binary
Celinda,crand69@mozilla.org,Female
Jan,jsetch6a@dmoz.org,Female
Dom,dthurnham6b@webnode.com,Male
Hodge,hrhys6c@ucoz.com,Male
Tomlin,tmottini6d@friendfeed.com,Male
Keely,kthornhill6e@google.pl,Female
Timmy,teddington6f@mtv.com,Male
Ty,tkiendl6g@cnet.com,Male
Clarie,cwharlton6h@illinois.edu,Genderfluid
Binky,bratledge6i@zimbio.com,Male
Lise,lducaen6j@yahoo.com,Female
Garvy,gconochie6k@mail.ru,Male
Federica,ffolan6l@disqus.com,Female
Monro,mshoebotham6m@unicef.org,Male
Doralia,dlancett6n@yahoo.co.jp,Female
Hobart,hludgate6o@discuz.net,Male
Brietta,bmabe6p@sciencedaily.com,Genderfluid
Cherlyn,cgerry6q@blogtalkradio.com,Female
Frederick,fscase6r@indiatimes.com,Male
Estella,eparkman6s@google.ru,Female
Sonnie,sfairburne6t@latimes.com,Female
Darnell,dbridgwood6u@usa.gov,Male
Layne,labbotts6v@youku.com,Female
Immanuel,ibolitho6w@360.cn,Male
Stacee,scleverly6x@canalblog.com,Female
Wilhelmine,wtidbold6y@xing.com,Female
Lonnie,lbuzin6z@google.nl,Male
Paxon,problou70@go.com,Male
Nani,npavese71@noaa.gov,Agender
Fifi,fwoakes72@loc.gov,Female
Else,ecallicott73@apache.org,Female
Vannie,vdemorena74@homestead.com,Female
Che,clacroutz75@phpbb.com,Male
Melodee,mgately76@chicagotribune.com,Female
Charity,cconiam77@adobe.com,Female
Dolores,dtomankowski78@exblog.jp,Female
Hugh,hklaes79@mediafire.com,Male
Archer,ahellsdon7a@wisc.edu,Male
Avis,abeddard7b@godaddy.com,Female
Robby,rcottrell7c@comcast.net,Male
Ursala,udipple7d@homestead.com,Female
Cherey,cjosefs7e@google.nl,Female
Jed,jedwick7f@house.gov,Male
Paulie,pdillimore7g@jimdo.com,Male
Julius,jbedrosian7h@loc.gov,Male
Dwight,dgovey7i@nps.gov,Male
Nicole,ndoig7j@usa.gov,Female
Syd,shordell7k@newyorker.com,Male
Bill,bdunn7l@mediafire.com,Male
Averil,acastelijn7m@free.fr,Female
Florencia,fbradman7n@unicef.org,Female
Jephthah,jbelch7o@google.fr,Male
Gene,gmatula7p@people.com.cn,Polygender
Caleb,cmoorman7q@furl.net,Male
Celeste,cpoundesford7r@cargocollective.com,Female
Aloisia,acade7s@slideshare.net,Female
Vic,vchampe7t@macromedia.com,Male
Neill,nsweett7u@globo.com,Male
Niko,njacobsz7v@youku.com,Male
Roarke,rcroot7w@gnu.org,Male
Abbe,adurward7x@java.com,Non-binary
Frank,fellaman7y@last.fm,Male
Danny,dgoodfield7z@over-blog.com,Male
Cortie,ccarabet80@ask.com,Male
Sky,shulett81@geocities.jp,Male
Corinna,cgrute82@4shared.com,Female
Palmer,pfiddymont83@sciencedirect.com,Male
Floria,fellum84@instagram.com,Female
Goraud,ggurry85@hibu.com,Male
Aila,afotitt86@statcounter.com,Bigender
Wallace,wgoggey87@seattletimes.com,Male
Lilla,ldegoe88@cpanel.net,Female
Carlie,ctrahmel89@fastcompany.com,Male
Town,tbendley8a@nydailynews.com,Male
Allis,ajeskin8b@lulu.com,Genderqueer
Brockie,bwoolaston8c@tamu.edu,Male
Valle,vlefriec8d@mit.edu,Male
Vittorio,vzavattari8e@barnesandnoble.com,Male
Cindelyn,cforman8f@example.com,Female
Mozelle,mmarrian8g@dyndns.org,Female
Brew,bvoysey8h@posterous.com,Male
Teriann,tfeldmann8i@hatena.ne.jp,Polygender
Ody,ocowle8j@yolasite.com,Male
Stern,sdilks8k@prlog.org,Male
Wenonah,wdeclercq8l@yahoo.co.jp,Female
Charlotta,cbernakiewicz8m@fc2.com,Polygender
Karly,khannum8n@vk.com,Polygender
Camella,cpiggin8o@cocolog-nifty.com,Female
Simon,scoulling8p@dailymotion.com,Male
Kamilah,ksaintepaul8q@netscape.com,Female
Heida,hsultana8r@skyrock.com,Female
Dix,dcrone8s@sfgate.com,Female
Royal,rreymers8t@msu.edu,Male
Nap,ntaggerty8u@google.ca,Male
Klarika,khallett8v@theatlantic.com,Female
Chelsy,cschall8w@unc.edu,Female
Alisander,acage8x@mlb.com,Male
Adolf,aborrington8y@amazonaws.com,Male
Gwenni,gcapron8z@google.co.jp,Female
Brittany,btrunks90@lycos.com,Female
Forster,fbuche91@apple.com,Male
Kayley,krotchell92@symantec.com,Female
Sybil,sgrishakin93@mtv.com,Female
Markos,mspeeks94@admin.ch,Male
Iain,iscain95@nps.gov,Male
Lillis,lcaddens96@time.com,Female
Philippine,pbeckett97@fastcompany.com,Female
Zelma,zhanrahan98@blogtalkradio.com,Female
Halsey,hropkes99@addthis.com,Male
Windy,wcolmore9a@fastcompany.com,Female
Tommi,twalding9b@tripadvisor.com,Female
Culley,cdrawmer9c@ustream.tv,Male
Maddalena,mrussam9d@imgur.com,Female
Stanislaw,sfrome9e@g.co,Male
Fin,fheatherington9f@webmd.com,Male
Freddy,frubes9g@usda.gov,Female
Kora,ksquibe9h@nsw.gov.au,Bigender
Moises,mpetrashov9i@booking.com,Male
Madelyn,mdelbergue9j@flavors.me,Female
Lance,lpoynton9k@privacy.gov.au,Male
Jayme,jkynder9l@mail.ru,Female
Ronny,rbarstock9m@discuz.net,Male
Fredric,fhurdman9n@reverbnation.com,Male
Tyrone,tkleinholz9o@yahoo.com,Male
Luciana,ltrimme9p@lulu.com,Non-binary
Zane,zspilsbury9q@woothemes.com,Male
Earvin,eglauber9r@odnoklassniki.ru,Male
Yuri,ywooland9s@cloudflare.com,Male
Tori,thurche9t@reddit.com,Female
Ingaberg,ibatrick9u@g.co,Polygender
Germaine,gkreutzer9v@ezinearticles.com,Female
Gina,gperroni9w@woothemes.com,Female
David,dballsdon9x@delicious.com,Male
Vin,viowarch9y@artisteer.com,Male
Holden,hrodgerson9z@chicagotribune.com,Agender
Evvie,ecreaneya0@toplist.cz,Female
Nickola,nmacgorleya1@auda.org.au,Male
Elisabetta,ehassekla2@irs.gov,Female
Mala,malbroa3@ehow.com,Female
Colette,coaksa4@about.com,Female
Lon,ltuillera5@earthlink.net,Male
Duff,dabrama6@gravatar.com,Male
Sebastiano,skhosaa7@eepurl.com,Male
Corrine,cgrishmanova8@time.com,Female
Arlette,agrahamea9@uol.com.br,Female
Maynord,mellcomeaa@xrea.com,Male
Lock,lkeywoodab@tinyurl.com,Male
Derwin,dfolderac@cbsnews.com,Male
Wallie,wberryclothad@artisteer.com,Male
Nikki,nfermorae@sciencedaily.com,Female
Anestassia,akulasaf@soundcloud.com,Female
Tera,tbradburneag@about.me,Female
Marianne,msweetenhamah@seattletimes.com,Female
Ediva,emcilwrickai@howstuffworks.com,Female
Donielle,dakhurstaj@reddit.com,Female
Patrice,phandslipak@hostgator.com,Genderqueer
Laverne,lluggal@imdb.com,Female
Finley,fpurnellam@friendfeed.com,Male
Wendy,whubberan@tinyurl.com,Female
Tomkin,tcapinettiao@t.co,Male
Riki,rgimsonap@edublogs.org,Female
Ali,adoakaq@facebook.com,Male
Liesa,lcapenorar@networksolutions.com,Female
Griswold,gmuatas@state.tx.us,Male
Atlanta,aceeleyat@house.gov,Female
Cort,cbothaau@jugem.jp,Male
Sawyer,sbeckerav@usnews.com,Male
Corrina,creveningaw@squarespace.com,Female
Jessie,jsherborneax@clickbank.net,Male
Alley,athickensay@geocities.com,Male
Teodora,tgoudaaz@un.org,Female
Ellerey,ecicconeb0@privacy.gov.au,Male
Haily,hgadsonb1@unblog.fr,Male
Carly,choodlessb2@netlog.com,Female
Yorgos,ykubelkab3@nifty.com,Male
Northrup,ncerseyb4@ed.gov,Male
Daniele,dhardcastleb5@ask.com,Female
Maddi,mroxbroughb6@barnesandnoble.com,Female
Penrod,prudallb7@bloglovin.com,Male
Perla,pcrowchb8@google.com.hk,Female
Missie,mtriebnerb9@trellian.com,Female
Lucita,lstobbieba@smugmug.com,Female
Melisent,mwoltonbb@sfgate.com,Non-binary
Edward,ebrilbc@cdc.gov,Male
Willey,wdundinbd@cloudflare.com,Male
Licha,lklezmskibe@irs.gov,Female
Paola,pnickollsbf@npr.org,Female
Corabelle,cburburoughbg@nifty.com,Genderqueer
Alvy,acandishbh@unblog.fr,Male
Frannie,fbiasibi@yellowpages.com,Agender
Belle,bmoodycliffebj@psu.edu,Female
Kittie,kpanksbk@privacy.gov.au,Female
Wadsworth,wgallerbl@dedecms.com,Male
Stirling,sdoweybm@nydailynews.com,Male
Cal,cpashebn@wp.com,Bigender
Everard,efrerebo@jalbum.net,Male
Siegfried,skaysbp@si.edu,Male
Krissy,klempelbq@mysql.com,Female
Valentino,vszabobr@ocn.ne.jp,Male
Ebony,ejopsonbs@alexa.com,Female
Tanny,tdunsmuirbt@mail.ru,Male
Andras,agaginbu@tuttocitta.it,Male
Jany,jwadesonbv@elegantthemes.com,Female
Dill,dwitchallsbw@wikimedia.org,Male
Rochella,rrouchbx@boston.com,Female
Phil,pmclartyby@facebook.com,Female
Yanaton,ylaurencotbz@feedburner.com,Polygender
Frederik,ffennelowc0@vkontakte.ru,Male
Renado,rputtrellc1@youtu.be,Male
Lindsy,lavrahamoffc2@merriam-webster.com,Bigender
Val,vmabonc3@com.com,Female
Flo,fsearesc4@comsenz.com,Polygender
Angelica,abuckinghamc5@networksolutions.com,Female
Sergio,sjedrzejczakc6@nature.com,Male
Agatha,afronsekc7@opera.com,Female
Killie,kbarrarc8@ning.com,Genderfluid
Elisha,escarlinc9@msu.edu,Male
Joyann,jkeatleyca@biglobe.ne.jp,Female
Emmott,elegravecb@illinois.edu,Male
Gracie,gtidmarshcc@omniture.com,Female
Jany,jturnellcd@facebook.com,Female
Ania,astrivensce@cbc.ca,Female
Tiebold,tslaycf@cnet.com,Male
Austina,adrillingcourtcg@auda.org.au,Female
Noemi,nlynaghch@mtv.com,Female
Geno,gbemlottci@privacy.gov.au,Male
Rudyard,rpantlingcj@tinyurl.com,Polygender
Druci,dsmallshawck@t-online.de,Female
Coralie,cmilsoncl@amazon.com,Female
Billi,blalondecm@yahoo.co.jp,Female
Nicolis,npeterscn@jugem.jp,Male
Benson,bsuffco@studiopress.com,Male
Ines,ijarlmanncp@stanford.edu,Female
Suki,sbowringcq@indiegogo.com,Female
Terrance,taxtonnecr@wikispaces.com,Male
Yasmin,ymachancs@wix.com,Agender
Nevile,nboveyct@over-blog.com,Male
Florette,frosenhauscu@canalblog.com,Female
Rozanne,rtiddemancv@ow.ly,Non-binary
Marcel,mmorriscw@wp.com,Male
Benedicta,bchaddertoncx@example.com,Female
Charmane,cstrutzcy@feedburner.com,Female
Gavan,gcookneycz@flavors.me,Agender
Mandy,mmillandd0@qq.com,Female
Elyssa,edeavind1@google.com,Female
Lynn,lcorbind2@shop-pro.jp,Male
Tessie,tdeboyd3@unicef.org,Female
Myles,mcuncliffed4@usa.gov,Male
Hebert,hbullerd5@wufoo.com,Male
Deina,dpigotd6@stanford.edu,Female
Ora,okingshottd7@example.com,Female
Kevon,kmilliond8@arstechnica.com,Agender
Rae,rmcguckind9@facebook.com,Female
Kirby,kscougallda@tiny.cc,Polygender
Launce,lbaldettidb@washington.edu,Male
Kermy,kbeckinsalldc@biblegateway.com,Male
Sumner,sralstondd@eepurl.com,Male
Nickey,nanmorede@mit.edu,Male
Herold,hpohlkedf@ocn.ne.jp,Male
Symon,scamisdg@multiply.com,Male
Timotheus,tstolzdh@topsy.com,Male
Federico,fweylanddi@buzzfeed.com,Male
Lazar,lgummerydj@phoca.cz,Male
Worthington,wgerataschdk@webmd.com,Male
Homerus,hbursnelldl@bandcamp.com,Male
Maiga,mpomeroydm@telegraph.co.uk,Female
Nellie,ningremdn@mlb.com,Female
Siward,sgammadedo@ebay.co.uk,Male
Emili,egroutdp@deliciousdays.com,Female
Darice,dlomonddq@engadget.com,Female
Calley,cparhamdr@accuweather.com,Bigender
Lind,ldonaherds@cisco.com,Female
Jeana,jregglerdt@constantcontact.com,Female
Fiorenze,ftremathackdu@lycos.com,Female
Farrel,fsearsdv@cornell.edu,Male
Alikee,abuiedw@behance.net,Female
Frederico,fgrinaughdx@google.ca,Male
Francesca,fnowakowskidy@google.nl,Female
Penn,pphilpindz@nifty.com,Male
Carlene,cedmondsone0@pinterest.com,Genderqueer
Guinna,gmacmenamine1@ning.com,Female
Andy,amulberrye2@indiatimes.com,Male
Lewes,lparsonagee3@example.com,Male
Jackie,jmorae4@engadget.com,Female
Rebecka,rstearne5@google.com.hk,Female
Diandra,ddameiselee6@domainmarket.com,Female
Hakeem,hgirkinse7@infoseek.co.jp,Male
Patsy,pconrarte8@mit.edu,Female
Marielle,mstollenbeckere9@newyorker.com,Female
Ulric,ubenningea@washingtonpost.com,Male
Tobi,tosherrineb@printfriendly.com,Female
Sinclare,shatherleighec@theglobeandmail.com,Male
Florella,foveryed@wisc.edu,Female
Carly,cglasbeyee@hugedomains.com,Bigender
Godiva,gguinnef@mac.com,Female
Lauri,lblockleyeg@biblegateway.com,Female
Frederic,fgrebbineh@cbsnews.com,Male
Emyle,ebaggaleyei@fastcompany.com,Female
Philbert,plendonej@oracle.com,Male
Courtnay,cmcgillivrayek@merriam-webster.com,Male
Sergeant,sbakhrushinel@mayoclinic.com,Bigender
Marci,mbeebyem@usa.gov,Female
Rhona,rbeechcraften@boston.com,Female
Terencio,tvendittieo@deviantart.com,Male
Miltie,mspellessyep@ning.com,Male
Corie,cbrandretheq@foxnews.com,Agender
Kincaid,kmisselbrooker@tuttocitta.it,Male
Augie,achipchasees@theguardian.com,Male
Kare,ksawardet@surveymonkey.com,Female
Binni,bahreniuseu@harvard.edu,Female
Ezechiel,efooterev@sitemeter.com,Agender
Emlyn,ewileyew@cornell.edu,Polygender
Giacomo,gadsheadex@reverbnation.com,Male
Alastair,aaingerey@cargocollective.com,Bigender
Anthe,apontez@miibeian.gov.cn,Female
Arabelle,aparfreyf0@vimeo.com,Female
Fernandina,fwakelingf1@bbb.org,Female
Lorilyn,lmattocksf2@toplist.cz,Female
Mannie,mrenfieldf3@sakura.ne.jp,Male
Arther,amullingerf4@spotify.com,Male
Heather,hpittendreighf5@home.pl,Female
Gretna,gcowansf6@elpais.com,Female
Lynnet,lcordelf7@sina.com.cn,Female
Hillie,hraymontf8@berkeley.edu,Male
Lonni,ljozsaf9@newsvine.com,Female
Yelena,ybousquetfa@hc360.com,Female
Dwayne,dflintoftfb@soundcloud.com,Male
Sallyann,swemesfc@topsy.com,Female
Heywood,hlistfd@ucoz.com,Male
Mart,mgrintfe@wp.com,Male
Sande,sarpurff@yandex.ru,Female
Dael,dbellringerfg@webeden.co.uk,Female
Mala,mgiacobellifh@nature.com,Female
Althea,acotterrillfi@thetimes.co.uk,Female
Gunter,gchallonerfj@un.org,Male
Lynnett,lscedallfk@pinterest.com,Female
Delia,dsinderlandfl@printfriendly.com,Female
Claiborn,cwallingtonfm@home.pl,Male
Phil,pcrudgintonfn@netlog.com,Male
Ugo,ulangshawfo@ed.gov,Male
Rossie,rbalserfp@google.es,Male
Myrilla,msenussifq@t-online.de,Genderqueer
Clayton,chorsteadfr@ameblo.jp,Male
Perry,pcroadfs@geocities.com,Female
Nancey,nvequeft@hubpages.com,Female
Gavra,gfarlowfu@i2i.jp,Female
Bamby,bisenorfv@histats.com,Female
Brooke,bjorezfw@businessinsider.com,Genderqueer
Alexis,abartoszekfx@mapquest.com,Agender
Gill,gdowneyfy@mapquest.com,Male
Theresina,tchaimfz@reddit.com,Female
Ellary,esouterg0@joomla.org,Male
Lissa,lcurwoodg1@opera.com,Female
Berget,bdarragong2@storify.com,Female
Chuck,cbraddockg3@apache.org,Male
Charity,cvasyuchovg4@reuters.com,Female
Augusto,agerglerg5@meetup.com,Male
Ann,aloaderg6@economist.com,Female
Eleanora,eallmeng7@bing.com,Female
Mac,mpeperellg8@nbcnews.com,Genderfluid
Amitie,aevesqueg9@intel.com,Female
Myrle,mclynterga@va.gov,Female
Anthiathia,alaybourngb@com.com,Genderqueer
Dell,drobertaccigc@over-blog.com,Male
Lori,lrobbingsgd@imdb.com,Female
Jacques,jmccawleyge@geocities.jp,Male
Steve,schiechiogf@samsung.com,Bigender
Holli,hjanningsgg@nasa.gov,Female
Obediah,ohollyergh@typepad.com,Male
Dotti,dhemphillgi@ocn.ne.jp,Female
Reade,rpowysgj@samsung.com,Male
Levey,lmattheusgk@hc360.com,Male
Novelia,njaggigl@360.cn,Female
Hershel,hcoppensgm@alexa.com,Male
Audra,astennesgn@about.com,Female
Ailbert,amcdonandgo@blogtalkradio.com,Male
Stephani,sprandingp@engadget.com,Female
Lovell,lgaynegq@rakuten.co.jp,Male
Vaclav,vgazzardgr@hao123.com,Male
Alisha,adoreygs@devhub.com,Female
Land,llebossegt@latimes.com,Male
Hildegaard,hknaptongu@blog.com,Female
Sunny,sdupreegv@sfgate.com,Female
Harmony,hvautregw@lulu.com,Female
Dory,dhearonsgx@t-online.de,Male
Vivienne,vgodmangy@pcworld.com,Female
Ring,rmaltgz@facebook.com,Male
Kitti,kgoodridgeh0@infoseek.co.jp,Female
Amandy,akienleinh1@networkadvertising.org,Female
Lyndy,lheadrickh2@washington.edu,Female
Margarita,mmatthensenh3@sbwire.com,Bigender
Casper,clissetth4@tinypic.com,Male
Aldric,agianolinih5@stumbleupon.com,Male
Harrison,hmcauslandh6@deliciousdays.com,Male
Donny,drableauh7@etsy.com,Female
Pru,prainfordh8@sciencedaily.com,Female
Maddi,mmulroyh9@deliciousdays.com,Female
Arel,aellerayha@over-blog.com,Agender
Whittaker,wbiddleshb@g.co,Male
Ryan,rrobbinshc@engadget.com,Male
Thorndike,tdarrachhd@engadget.com,Male
Chrisy,cmcclaughlinhe@indiatimes.com,Male
Sybil,swardehf@vistaprint.com,Female
Terrance,thambletonhg@wikimedia.org,Male
Ephrayim,egumbleyhh@hud.gov,Male
Donny,dgaskinshi@biglobe.ne.jp,Male
Dorthy,darondelhj@telegraph.co.uk,Genderfluid
Quintana,qblenkinshiphk@phoca.cz,Female
Reinwald,rderrellhl@is.gd,Male
Gris,gmccormackhm@woothemes.com,Male
Brice,bspirithn@twitpic.com,Male
Cobby,csideho@360.cn,Male
Vonni,vcastrihp@ox.ac.uk,Female
Hillary,hlaughtissehq@surveymonkey.com,Female
Delaney,dbragancahr@sciencedaily.com,Male
Eugenia,eabelwhitehs@sogou.com,Female
Yolanda,ychestersht@shareasale.com,Female
Tallou,tajsikhu@edublogs.org,Female
Dwain,dfawcknerhv@hatena.ne.jp,Male
Whitby,wthirlawayhw@blogger.com,Male
Glyn,gjaveshx@friendfeed.com,Male
Darill,dmaggiorihy@apple.com,Male
Eddy,elurcockhz@un.org,Male
Kalinda,kjarrelli0@usatoday.com,Female
Mic,mtalei1@alibaba.com,Male
Sabine,sollarenshawi2@technorati.com,Polygender
Tito,tvaughni3@imdb.com,Male
Tersina,tkennai4@irs.gov,Female
Hazel,htennisoni5@wp.com,Female
Field,fcushioni6@jimdo.com,Male
Bone,brosindilli7@webnode.com,Male
Price,pmacgaughyi8@ameblo.jp,Male
Edith,ebeari9@webnode.com,Female
Gan,gprovostia@trellian.com,Male
Josias,jsurmeyersib@amazonaws.com,Male
Lee,lrapinettic@nationalgeographic.com,Female
Kippar,kropkingid@mysql.com,Male
Christoph,cbrimblecombie@yolasite.com,Male
Katya,kridouttif@whitehouse.gov,Female
Allie,aknightig@eepurl.com,Male
Pollyanna,pdyersonih@opera.com,Female
Aguie,amcluckieii@blogtalkradio.com,Male
Chere,cworgeij@cnn.com,Female
Eb,elaffranconiik@tmall.com,Male
Skippie,sbernhardtil@unicef.org,Male
Nevin,nduffrieim@mysql.com,Male
Demott,dchiesein@vistaprint.com,Male
Teirtza,tlilleycropio@privacy.gov.au,Female
Allard,aglisaneip@timesonline.co.uk,Male
Spencer,skolisiq@pinterest.com,Bigender
Spence,sklejnair@va.gov,Male
Arden,asallarieis@dropbox.com,Female
Sheree,stallachit@cbc.ca,Polygender
Eolande,ebarracloughiu@cdbaby.com,Female
Salvatore,snewissiv@weather.com,Male
Alikee,apenswickiw@amazon.co.uk,Female
Lane,lyeskinix@baidu.com,Male
Winna,wcowwelliy@va.gov,Female
Bertram,blowdeiz@acquirethisname.com,Male
Harriett,hcajklerj0@patch.com,Non-binary
Meryl,mmoringj1@twitter.com,Female
Sebastiano,ssooleyj2@howstuffworks.com,Male
Brnaby,bgippsj3@accuweather.com,Male
Rodi,rfeehanj4@so-net.ne.jp,Female
Bambi,bepdellj5@sitemeter.com,Female
Igor,iyanshinovj6@opera.com,Bigender
Jayme,jbolstridgej7@ning.com,Male
Gertie,gstangej8@dailymotion.com,Female
Augustus,adonaldj9@example.com,Male
Nikolas,npadfieldja@rediff.com,Male
Loralyn,lfilshinjb@wordpress.org,Female
Vaughan,vruosjc@theglobeandmail.com,Male
Korie,kamysjd@pbs.org,Female
Eve,ebordessaje@ebay.co.uk,Female
Emalee,elearmondjf@salon.com,Female
Cheston,cstrephanjg@slideshare.net,Genderfluid
Sam,smcilvennajh@dion.ne.jp,Male
Lise,lainscowji@blinklist.com,Female
Otes,ohutchinsonjj@imdb.com,Male
Dania,dparmleyjk@cam.ac.uk,Genderqueer
Raynell,rhuotjl@google.es,Bigender
Nonnah,nartissjm@canalblog.com,Female
Constantine,crastalljn@psu.edu,Male
Horton,heldonjo@slate.com,Male
Levi,lkellawayjp@theguardian.com,Male
Beck,bcellojq@blog.com,Male
Annecorinne,asantorijr@wunderground.com,Female
Adiana,abenbowjs@uiuc.edu,Female
Howie,hvitetjt@newsvine.com,Male
Ines,isharplessju@mysql.com,Female
Rolph,rmalcherjv@walmart.com,Male
Jerry,jfidianjw@eepurl.com,Female
Saidee,svigorsjx@yahoo.co.jp,Female
Buckie,bdelahuntyjy@tinypic.com,Male
Gus,gexonjz@ezinearticles.com,Male
Barbabas,bfarnink0@amazon.co.jp,Male
Wolfy,wbravenk1@ucoz.com,Male
Darcey,dcordellek2@yale.edu,Female
Elsa,esendsk3@bandcamp.com,Female
Florie,frevelyk4@flickr.com,Female
Bone,bcallerk5@techcrunch.com,Male
Gill,grumink6@jiathis.com,Male
Jarrett,jwellwoodk7@pen.io,Male
Cam,ctomkinsk8@fastcompany.com,Male
Derrik,djanecekk9@vkontakte.ru,Male
Archer,avyseka@odnoklassniki.ru,Male
Janet,jkeenkb@live.com,Female
Corey,cskellornekc@studiopress.com,Female
Reuben,rattargekd@google.com.au,Male
Nicky,nmaciejake@time.com,Male
Nanni,nfreundkf@ocn.ne.jp,Female
Lisbeth,lpabstkg@imgur.com,Female
Frazer,fdanigelkh@accuweather.com,Non-binary
Weidar,wdommersenki@webnode.com,Male
Justen,jlepiscopikj@jugem.jp,Male
Danette,dgerrettkk@edublogs.org,Female
Nobe,nacottkl@studiopress.com,Male
Raimund,rbinnerkm@google.ru,Male
Gates,gpinarkn@blogtalkradio.com,Female
Derward,dofarrellko@senate.gov,Male
Ivie,idavidovitskp@springer.com,Female
Margarette,mweymontkq@bbc.co.uk,Female
Erny,ehucksterkr@auda.org.au,Male
Calhoun,cjamaryks@zimbio.com,Male
Ari,abitchenerkt@nasa.gov,Male
Nicky,nclipshamku@apache.org,Male
Berti,baaronskv@artisteer.com,Female
Karrie,kantonellinikw@goo.ne.jp,Female
Chelsae,cpasterfieldkx@booking.com,Female
Gabe,gburderky@blogs.com,Male
Alysia,aildenkz@1688.com,Agender
Celle,cmeatcherl0@aboutads.info,Female
Raddie,rnystroml1@europa.eu,Male
Ichabod,idalinderl2@mlb.com,Male
Gus,gcogerl3@i2i.jp,Agender
Bren,bcruickshanksl4@cnet.com,Female
Ree,rnewlandsl5@xing.com,Female
Jone,jchiommientil6@yale.edu,Male
Donnell,dpyrahl7@latimes.com,Male
Aurelie,amullearyl8@disqus.com,Female
Carlynn,cvoelkerl9@washington.edu,Female
Tandie,tmourguela@nature.com,Female
Ruggiero,rdecristoforolb@ca.gov,Male
Clary,cmilkehamlc@sciencedaily.com,Female
Malory,mivanishevld@gnu.org,Female
Jeanie,jbyronle@instagram.com,Female
Orsa,oroneylf@istockphoto.com,Female
Georgiana,gparncuttlg@rambler.ru,Female
Harman,harmallh@blinklist.com,Male
Valentine,vburchattli@dailymail.co.uk,Female
Cyrillus,cmayberrylj@cbslocal.com,Male
Farris,flonglk@bloglovin.com,Genderqueer
Cleavland,cimessonll@imageshack.us,Polygender
Willis,wstranierolm@goo.gl,Non-binary
Leah,lnobesln@shareasale.com,Female
Putnem,ppomeroylo@spiegel.de,Male
Leighton,lpedellp@redcross.org,Bigender
Evaleen,ebramsomlq@home.pl,Female
Geoffry,gkleinlr@auda.org.au,Male
Star,spartlettls@usa.gov,Female
Zollie,zsimonelt@thetimes.co.uk,Male
Olga,oredolfilu@fema.gov,Female
Erv,eneatelv@wordpress.org,Male
Manda,mbonnerlw@nba.com,Female
Christabel,ctranfieldlx@paginegialle.it,Female
Evvie,efeaksly@google.fr,Female
Maryrose,mduferlz@cpanel.net,Female
Callie,cgirardm0@comcast.net,Female
Rob,rgittoesm1@homestead.com,Male
Renato,rmaidesm2@github.io,Bigender
Gracia,gclapstonm3@mediafire.com,Female
Salomi,sbadcockm4@pinterest.com,Female
Clovis,cbattaillem5@nbcnews.com,Female
Town,tconnellm6@telegraph.co.uk,Male
Nertie,nalejandrom7@theatlantic.com,Female
Magda,mcolviem8@xing.com,Female
Clemmy,cangusm9@squidoo.com,Male
Zolly,zbodkerma@lycos.com,Male
Rosamond,rhaneymb@uiuc.edu,Female
Sonia,sfuxmanmc@booking.com,Female
Aron,awalklingmd@soundcloud.com,Male
Rockey,rpoplandme@ebay.co.uk,Male
Dolf,dchristymf@pinterest.com,Male
Yoshi,ytrattlesmg@addtoany.com,Female
Jillane,jledurmh@blogspot.com,Female
Shoshanna,smisselbrookmi@amazonaws.com,Female
Virgil,vboatmj@hibu.com,Male
Angela,acavaliermk@ning.com,Female
Klarika,kkiliusml@archive.org,Female
Marcellina,mmalthousemm@gmpg.org,Female
Cinderella,ctrentmn@alexa.com,Female
Had,hderkesmo@privacy.gov.au,Male
Seamus,shaenselmp@wikimedia.org,Male
Ad,amorillamq@mit.edu,Male
Sascha,scroslandmr@wikipedia.org,Female
Frasier,fscynerms@msn.com,Male
Leanor,lrodgersmt@newsvine.com,Female
Calley,cbecketmu@cbc.ca,Non-binary
Norri,nwalkdenmv@usgs.gov,Female
Dimitri,dflexmanmw@npr.org,Male
Waverly,wollerheadmx@google.com.br,Male
Hadley,hlehucquetmy@free.fr,Male
Benjamen,bsetonmz@disqus.com,Male
Grant,gdacthn0@pagesperso-orange.fr,Male
Nicola,nbossn1@behance.net,Female
Miles,mpfeffern2@geocities.com,Male
Ellyn,ewilmingtonn3@va.gov,Female
Cora,cdrinkeln4@mozilla.org,Female
Web,wgiacomin5@cornell.edu,Male
Randall,rhumbien6@tripadvisor.com,Male
Fabian,fyorathn7@blogger.com,Male
Gilburt,gbritiann8@xrea.com,Male
Curtis,cguisbyn9@mail.ru,Male
Rora,rfockena@upenn.edu,Female
Zilvia,zgumbynb@twitter.com,Female
Cale,cvassienc@com.com,Male
Brina,bdikelsnd@whitehouse.gov,Female
Louisa,lsaysene@ask.com,Female
Lisette,lmellonbynf@businessweek.com,Female
Natalya,nkamiyamang@cocolog-nifty.com,Female
Reeba,rsneydnh@soundcloud.com,Bigender
Tildie,tkemmeyni@gov.uk,Female
Thekla,tstainsnj@wired.com,Female
Johnathon,jprowtingnk@devhub.com,Male
Lizzie,lalwellnl@discuz.net,Female
Michaela,mkitchinernm@addthis.com,Female
Gwyn,gbullmannn@about.me,Female
Mauricio,mricardinno@comsenz.com,Male
Cicely,cklimschnp@yellowbook.com,Female
Winifield,wkryszkiecicznq@guardian.co.uk,Male
Carny,ctrevearnr@shinystat.com,Agender
Gib,gyansonsns@freewebs.com,Male
Sidoney,sbrightient@google.co.jp,Female
Robyn,rwaplintonnu@reddit.com,Female
Aurie,avonderemptennv@jimdo.com,Female
Kellby,kmaeernw@dropbox.com,Male
Joshia,jberrisfordnx@eepurl.com,Male
Ruthie,rwolveyny@apache.org,Polygender
Emelda,egrasernz@mit.edu,Female
Prinz,pellando0@mashable.com,Non-binary
Fiorenze,freckhouseo1@blog.com,Female
Bibi,bcoppeardo2@wisc.edu,Female
Xena,xpellamonto3@cbslocal.com,Female
Robby,rsafonto4@xing.com,Male
Petronia,pfriddo5@slate.com,Female
Hedvige,hcraighillo6@infoseek.co.jp,Female
Myriam,mshakeladeo7@zimbio.com,Female
Zed,zseerso8@geocities.jp,Male
Paige,pbroggettio9@istockphoto.com,Male
Theodor,tjiranoa@nhs.uk,Male
Chandal,crawetob@earthlink.net,Female
Hilde,hhelwigoc@utexas.edu,Female
Harley,hcorrisod@globo.com,Female
Charity,ctapsonoe@hexun.com,Genderqueer
Hamilton,htailbyof@admin.ch,Agender
Irving,icaplinog@umich.edu,Male
Geneva,gtapselloh@princeton.edu,Female
Coraline,ccrosoeroi@narod.ru,Female
Sterne,sgrossoj@wunderground.com,Non-binary
Penelopa,pjoseburyok@mashable.com,Female
Ezra,egeramol@twitpic.com,Male
Far,foutlawom@cyberchimps.com,Male
Hans,hnewlandson@qq.com,Male
Birk,bszymanowskioo@xinhuanet.com,Male
Con,cmeachanop@who.int,Male
Maye,msonneroq@icio.us,Female
Dell,dkaleor@cdbaby.com,Male
Kellie,kbedhamos@soup.io,Female
Missy,mfochot@chron.com,Female
Edgar,estradlingou@ameblo.jp,Male
Olenolin,ogremainov@yellowbook.com,Male
Sunshine,srenadow@timesonline.co.uk,Female
Sile,syarrantonox@seesaa.net,Female
Corilla,clackneyoy@ucla.edu,Female
Maddi,mbartlomiejczykoz@diigo.com,Female
Adria,abeardsellp0@ifeng.com,Female
Herculie,hledekkerp1@indiegogo.com,Male
Nappy,ndallasp2@amazon.de,Male
Lucilia,lkattp3@nytimes.com,Female
Abbie,aamysp4@army.mil,Female
Maxi,mcassimerp5@virginia.edu,Female
Zsazsa,zinchanp6@jimdo.com,Female
Beale,bthurskep7@hibu.com,Male
Gussy,gdrynanp8@google.com.hk,Female
Mathe,mmottp9@xing.com,Male
Nicoline,nwippermannpa@jigsy.com,Female
Luis,ltryepb@omniture.com,Male
Norris,nlozanopc@ucla.edu,Male
Bentley,branniepd@yale.edu,Male
Mikel,mtwopennype@amazonaws.com,Male
Darcey,dwallbankpf@baidu.com,Female
Cthrine,ckrausspg@aboutads.info,Female
Mandy,mleyfieldph@uiuc.edu,Female
Trey,tblenkinsopppi@youku.com,Male
Kylie,kbarfittpj@purevolume.com,Male
Harbert,hbengalpk@technorati.com,Male
Cherish,cokeefepl@webnode.com,Female
Albertina,aheynspm@telegraph.co.uk,Female
Ax,acondictpn@infoseek.co.jp,Male
Chrissie,cmyattpo@joomla.org,Male
Thorpe,thagguspp@uiuc.edu,Male
Glynn,gpersickepq@blogspot.com,Male
Allys,asignorellipr@themeforest.net,Non-binary
Hebert,hbroadleyps@seattletimes.com,Male
Theodosia,twhistonpt@ed.gov,Female
Kitty,kmatusiakpu@boston.com,Non-binary
Darryl,dloveguardpv@telegraph.co.uk,Male
Denver,dizkovicipw@howstuffworks.com,Male
Letizia,lyakubovpx@cloudflare.com,Female
Rheta,rhambrickpy@salon.com,Bigender
Clementius,cmainlandpz@bravesites.com,Male
Corrianne,cwolseleyq0@xinhuanet.com,Female
Becka,begdalq1@biblegateway.com,Non-binary
Barbee,bmacewanq2@economist.com,Female
Tessa,tklaiserq3@delicious.com,Female
Claudio,cmaysorq4@yolasite.com,Male
Cinderella,cdouberdayq5@constantcontact.com,Female
Izabel,ibrunskillq6@va.gov,Female
Darren,dbyarsq7@pagesperso-orange.fr,Male
Marieann,mbruniq8@geocities.jp,Female
Robb,rgosforthq9@mozilla.org,Male
Jennilee,jdomeneyqa@blogtalkradio.com,Female
Rochella,rrashleighqb@storify.com,Female
Walther,wobinqc@bloomberg.com,Male
Ramsay,rvowdenqd@un.org,Male
Rhea,rdovidaitisqe@google.es,Female
Harri,hponcefordqf@elpais.com,Non-binary
Crissie,cbonnellqg@cdc.gov,Female
Kalle,kcudworthqh@e-recht24.de,Male
Imogen,isargeauntqi@amazon.de,Bigender
Valeda,vpeltzqj@hubpages.com,Female
Cherin,crotterqk@miitbeian.gov.cn,Female
Adelle,atrusteyql@nifty.com,Female
Byrle,bjimpsonqm@mapquest.com,Non-binary
Nickie,nabbisonqn@taobao.com,Female
Maggi,mrussoqo@chronoengine.com,Female
Effie,eodeoranqp@zdnet.com,Female
Amory,ahalheadqq@ox.ac.uk,Male
Agneta,abraganzaqr@barnesandnoble.com,Female
Sandye,ssynanqs@intel.com,Female
Sherill,shaddletonqt@google.ca,Female
Gordan,gelpheyqu@intel.com,Male
Jareb,jsowoodqv@wunderground.com,Male
Miguelita,mmallaboneqw@domainmarket.com,Female
Wyn,wjenkinsqx@yellowbook.com,Male
Maurie,mjasiakqy@fastcompany.com,Male
Roberto,rcoulthurstqz@gravatar.com,Male
Jeannine,jmcritchier0@liveinternet.ru,Female
Danya,dbennettr1@umich.edu,Female
Viki,vmacintyrer2@theguardian.com,Genderqueer
Constantina,cbeinischr3@pinterest.com,Female
Lynde,lmellonbyr4@123-reg.co.uk,Female
Stefa,salansr5@stanford.edu,Female
Allyson,astqueninr6@booking.com,Female
Ethel,ebonallickr7@cdbaby.com,Female
Lindsey,lmckinstryr8@github.io,Female
Sibel,sbridier9@fda.gov,Female
Ethe,ekinnarra@wikispaces.com,Male
Odell,opictonrb@typepad.com,Male
Shandra,sgillebriderc@walmart.com,Female
Teddi,tivashnikovrd@imdb.com,Female
Willdon,wbonafantre@ebay.co.uk,Male
Mirabel,mjohnysrf@mac.com,Female
Elisabet,ekobielarg@dagondesign.com,Female
Ilario,ipaikerh@biblegateway.com,Male
Toni,tthewysri@ox.ac.uk,Female
Ayn,atribblerj@gizmodo.com,Female
Diahann,dmckeonrk@godaddy.com,Genderqueer
Gleda,gteasellrl@photobucket.com,Female
Tanney,tbrienrm@ustream.tv,Male
Fonzie,ftompkinrn@alibaba.com,Male
Blair,bborrowmanro@moonfruit.com,Male
Brigitte,bburlinghamrp@quantcast.com,Female
Oates,odobellrq@aol.com,Male
Petey,pvoulsrr@fema.gov,Male
